Workbook

Sheet fixtures
A1: gameweek | B1: season | C1: game_type | D1: round | E1: h_team | F1: a_team | G1: h_manager | H1: a_manager | I1: home_team_id | J1: away_team_id
A2: 1 | B2: 2020/21 | C2: League | D2: Group Stage | E2: MD Twente Twente 1 | F2: Cramond Centurions | G2: =VLOOKUP(E2,Sheet1!$B$1:$D$41,2,FALSE) -> Gordon | H2: =VLOOKUP(F2,Sheet1!$B$1:$D$41,2,FALSE) -> Andy | I2: =VLOOKUP(E2,Sheet1!$B$1:$D$41,3,FALSE) -> 2441126 | J2: =VLOOKUP(F2,Sheet1!$B$1:$D$41,3,FALSE) -> 882240
A3: 1 | B3: 2020/21 | C3: League | D3: Group Stage | E3: HTAFC | F3: Upset Zombies | G3: =VLOOKUP(E3,Sheet1!$B$1:$D$41,2,FALSE) -> Simon | H3: =VLOOKUP(F3,Sheet1!$B$1:$D$41,2,FALSE) -> Keith | I3: =VLOOKUP(E3,Sheet1!$B$1:$D$41,3,FALSE) -> 2438184 | J3: =VLOOKUP(F3,Sheet1!$B$1:$D$41,3,FALSE) -> 2445169
A4: 1 | B4: 2020/21 | C4: League | D4: Group Stage | E4: Mitchell's Magicians | F4: We, The Purple | G4: =VLOOKUP(E4,Sheet1!$B$1:$D$41,2,FALSE) -> Gavin | H4: =VLOOKUP(F4,Sheet1!$B$1:$D$41,2,FALSE) -> James | I4: =VLOOKUP(E4,Sheet1!$B$1:$D$41,3,FALSE) -> 2438353 | J4: =VLOOKUP(F4,Sheet1!$B$1:$D$41,3,FALSE) -> 2439477
A5: 1 | B5: 2020/21 | C5: League | D5: Group Stage | E5: Boly-Wood (and co) | F5: Sammy, You Old Slag | G5: =VLOOKUP(E5,Sheet1!$B$1:$D$41,2,FALSE) -> Walid | H5: =VLOOKUP(F5,Sheet1!$B$1:$D$41,2,FALSE) -> Steven | I5: =VLOOKUP(E5,Sheet1!$B$1:$D$41,3,FALSE) -> 2752114 | J5: =VLOOKUP(F5,Sheet1!$B$1:$D$41,3,FALSE) -> 2440073
A6: =A2+1 -> 2 | B6: 2020/21 | C6: League | D6: Group Stage | E6: Cramond Centurions | F6: Boly-Wood (and co) | G6: =VLOOKUP(E6,Sheet1!$B$1:$D$41,2,FALSE) -> Andy | H6: =VLOOKUP(F6,Sheet1!$B$1:$D$41,2,FALSE) -> Walid | I6: =VLOOKUP(E6,Sheet1!$B$1:$D$41,3,FALSE) -> 882240 | J6: =VLOOKUP(F6,Sheet1!$B$1:$D$41,3,FALSE) -> 2752114
A7: =A3+1 -> 2 | B7: 2020/21 | C7: League | D7: Group Stage | E7: Sammy, You Old Slag | F7: Mitchell's Magicians | G7: =VLOOKUP(E7,Sheet1!$B$1:$D$41,2,FALSE) -> Steven | H7: =VLOOKUP(F7,Sheet1!$B$1:$D$41,2,FALSE) -> Gavin | I7: =VLOOKUP(E7,Sheet1!$B$1:$D$41,3,FALSE) -> 2440073 | J7: =VLOOKUP(F7,Sheet1!$B$1:$D$41,3,FALSE) -> 2438353
A8: =A4+1 -> 2 | B8: 2020/21 | C8: League | D8: Group Stage | E8: We, The Purple | F8: HTAFC | G8: =VLOOKUP(E8,Sheet1!$B$1:$D$41,2,FALSE) -> James | H8: =VLOOKUP(F8,Sheet1!$B$1:$D$41,2,FALSE) -> Simon | I8: =VLOOKUP(E8,Sheet1!$B$1:$D$41,3,FALSE) -> 2439477 | J8: =VLOOKUP(F8,Sheet1!$B$1:$D$41,3,FALSE) -> 2438184
A9: =A5+1 -> 2 | B9: 2020/21 | C9: League | D9: Group Stage | E9: Upset Zombies | F9: MD Twente Twente 1 | G9: =VLOOKUP(E9,Sheet1!$B$1:$D$41,2,FALSE) -> Keith | H9: =VLOOKUP(F9,Sheet1!$B$1:$D$41,2,FALSE) -> Gordon | I9: =VLOOKUP(E9,Sheet1!$B$1:$D$41,3,FALSE) -> 2445169 | J9: =VLOOKUP(F9,Sheet1!$B$1:$D$41,3,FALSE) -> 2441126
A10: =A6+1 -> 3 | B10: 2020/21 | C10: League | D10: Group Stage | E10: Mitchell's Magicians | F10: MD Twente Twente 1 | G10: =VLOOKUP(E10,Sheet1!$B$1:$D$41,2,FALSE) -> Gavin | H10: =VLOOKUP(F10,Sheet1!$B$1:$D$41,2,FALSE) -> Gordon | I10: =VLOOKUP(E10,Sheet1!$B$1:$D$41,3,FALSE) -> 2438353 | J10: =VLOOKUP(F10,Sheet1!$B$1:$D$41,3,FALSE) -> 2441126
A11: =A7+1 -> 3 | B11: 2020/21 | C11: League | D11: Group Stage | E11: Sammy, You Old Slag | F11: We, The Purple | G11: =VLOOKUP(E11,Sheet1!$B$1:$D$41,2,FALSE) -> Steven | H11: =VLOOKUP(F11,Sheet1!$B$1:$D$41,2,FALSE) -> James | I11: =VLOOKUP(E11,Sheet1!$B$1:$D$41,3,FALSE) -> 2440073 | J11: =VLOOKUP(F11,Sheet1!$B$1:$D$41,3,FALSE) -> 2439477
A12: =A8+1 -> 3 | B12: 2020/21 | C12: League | D12: Group Stage | E12: HTAFC | F12: Cramond Centurions | G12: =VLOOKUP(E12,Sheet1!$B$1:$D$41,2,FALSE) -> Simon | H12: =VLOOKUP(F12,Sheet1!$B$1:$D$41,2,FALSE) -> Andy | I12: =VLOOKUP(E12,Sheet1!$B$1:$D$41,3,FALSE) -> 2438184 | J12: =VLOOKUP(F12,Sheet1!$B$1:$D$41,3,FALSE) -> 882240
A13: =A9+1 -> 3 | B13: 2020/21 | C13: League | D13: Group Stage | E13: Boly-Wood (and co) | F13: Upset Zombies | G13: =VLOOKUP(E13,Sheet1!$B$1:$D$41,2,FALSE) -> Walid | H13: =VLOOKUP(F13,Sheet1!$B$1:$D$41,2,FALSE) -> Keith | I13: =VLOOKUP(E13,Sheet1!$B$1:$D$41,3,FALSE) -> 2752114 | J13: =VLOOKUP(F13,Sheet1!$B$1:$D$41,3,FALSE) -> 2445169
A14: =A10+1 -> 4 | B14: 2020/21 | C14: League | D14: Group Stage | E14: Upset Zombies | F14: Mitchell's Magicians | G14: =VLOOKUP(E14,Sheet1!$B$1:$D$41,2,FALSE) -> Keith | H14: =VLOOKUP(F14,Sheet1!$B$1:$D$41,2,FALSE) -> Gavin | I14: =VLOOKUP(E14,Sheet1!$B$1:$D$41,3,FALSE) -> 2445169 | J14: =VLOOKUP(F14,Sheet1!$B$1:$D$41,3,FALSE) -> 2438353
A15: =A11+1 -> 4 | B15: 2020/21 | C15: League | D15: Group Stage | E15: Cramond Centurions | F15: Sammy, You Old Slag | G15: =VLOOKUP(E15,Sheet1!$B$1:$D$41,2,FALSE) -> Andy | H15: =VLOOKUP(F15,Sheet1!$B$1:$D$41,2,FALSE) -> Steven | I15: =VLOOKUP(E15,Sheet1!$B$1:$D$41,3,FALSE) -> 882240 | J15: =VLOOKUP(F15,Sheet1!$B$1:$D$41,3,FALSE) -> 2440073
A16: =A12+1 -> 4 | B16: 2020/21 | C16: League | D16: Group Stage | E16: MD Twente Twente 1 | F16: HTAFC | G16: =VLOOKUP(E16,Sheet1!$B$1:$D$41,2,FALSE) -> Gordon | H16: =VLOOKUP(F16,Sheet1!$B$1:$D$41,2,FALSE) -> Simon | I16: =VLOOKUP(E16,Sheet1!$B$1:$D$41,3,FALSE) -> 2441126 | J16: =VLOOKUP(F16,Sheet1!$B$1:$D$41,3,FALSE) -> 2438184
A17: =A13+1 -> 4 | B17: 2020/21 | C17: League | D17: Group Stage | E17: Boly-Wood (and co) | F17: We, The Purple | G17: =VLOOKUP(E17,Sheet1!$B$1:$D$41,2,FALSE) -> Walid | H17: =VLOOKUP(F17,Sheet1!$B$1:$D$41,2,FALSE) -> James | I17: =VLOOKUP(E17,Sheet1!$B$1:$D$41,3,FALSE) -> 2752114 | J17: =VLOOKUP(F17,Sheet1!$B$1:$D$41,3,FALSE) -> 2439477
... A81: =A77+1 -> 20 | B81: 2020/21 | C81: League | D81: Group Stage | E81: Boly-Wood (and co) | F81: MD Twente Twente 1 | G81: =VLOOKUP(E81,Sheet1!$B$1:$D$41,2,FALSE) -> Walid | H81: =VLOOKUP(F81,Sheet1!$B$1:$D$41,2,FALSE) -> Gordon | I81: =VLOOKUP(E81,Sheet1!$B$1:$D$41,3,FALSE) -> 2752114 | J81: =VLOOKUP(F81,Sheet1!$B$1:$D$41,3,FALSE) -> 2441126
A82: 21 | B82: 2020/21 | C82: Cup | D82: Quarter Final | E82: Cramond Centurions | F82: Sammy, You Old Slag | G82: =VLOOKUP(E82,Sheet1!$B$1:$D$41,2,FALSE) -> Andy | H82: =VLOOKUP(F82,Sheet1!$B$1:$D$41,2,FALSE) -> Steven | I82: =VLOOKUP(E82,Sheet1!$B$1:$D$41,3,FALSE) -> 882240 | J82: =VLOOKUP(F82,Sheet1!$B$1:$D$41,3,FALSE) -> 2440073
A83: 21 | B83: 2020/21 | C83: Cup | D83: Quarter Final | E83: Upset Zombies | F83: Mitchell's Magicians | G83: =VLOOKUP(E83,Sheet1!$B$1:$D$41,2,FALSE) -> Keith | H83: =VLOOKUP(F83,Sheet1!$B$1:$D$41,2,FALSE) -> Gavin | I83: =VLOOKUP(E83,Sheet1!$B$1:$D$41,3,FALSE) -> 2445169 | J83: =VLOOKUP(F83,Sheet1!$B$1:$D$41,3,FALSE) -> 2438353
A84: 21 | B84: 2020/21 | C84: Cup | D84: Quarter Final | E84: Mitchell's Magicians | F84: Upset Zombies | G84: =VLOOKUP(E84,Sheet1!$B$1:$D$41,2,FALSE) -> Gavin | H84: =VLOOKUP(F84,Sheet1!$B$1:$D$41,2,FALSE) -> Keith | I84: =VLOOKUP(E84,Sheet1!$B$1:$D$41,3,FALSE) -> 2438353 | J84: =VLOOKUP(F84,Sheet1!$B$1:$D$41,3,FALSE) -> 2445169
A85: 21 | B85: 2020/21 | C85: Cup | D85: Quarter Final | E85: Sammy, You Old Slag | F85: Cramond Centurions | G85: =VLOOKUP(E85,Sheet1!$B$1:$D$41,2,FALSE) -> Steven | H85: =VLOOKUP(F85,Sheet1!$B$1:$D$41,2,FALSE) -> Andy | I85: =VLOOKUP(E85,Sheet1!$B$1:$D$41,3,FALSE) -> 2440073 | J85: =VLOOKUP(F85,Sheet1!$B$1:$D$41,3,FALSE) -> 882240
A86: =A82+1 -> 22 | B86: 2020/21 | C86: League | D86: Group Stage | E86: Mitchell's Magicians | F86: Boly-Wood (and co) | G86: =VLOOKUP(E86,Sheet1!$B$1:$D$41,2,FALSE) -> Gavin | H86: =VLOOKUP(F86,Sheet1!$B$1:$D$41,2,FALSE) -> Walid | I86: =VLOOKUP(E86,Sheet1!$B$1:$D$41,3,FALSE) -> 2438353 | J86: =VLOOKUP(F86,Sheet1!$B$1:$D$41,3,FALSE) -> 2752114
A87: =A83+1 -> 22 | B87: 2020/21 | C87: League | D87: Group Stage | E87: MD Twente Twente 1 | F87: We, The Purple | G87: =VLOOKUP(E87,Sheet1!$B$1:$D$41,2,FALSE) -> Gordon | H87: =VLOOKUP(F87,Sheet1!$B$1:$D$41,2,FALSE) -> James | I87: =VLOOKUP(E87,Sheet1!$B$1:$D$41,3,FALSE) -> 2441126 | J87: =VLOOKUP(F87,Sheet1!$B$1:$D$41,3,FALSE) -> 2439477
A88: =A84+1 -> 22 | B88: 2020/21 | C88: League | D88: Group Stage | E88: HTAFC | F88: Sammy, You Old Slag | G88: =VLOOKUP(E88,Sheet1!$B$1:$D$41,2,FALSE) -> Simon | H88: =VLOOKUP(F88,Sheet1!$B$1:$D$41,2,FALSE) -> Steven | I88: =VLOOKUP(E88,Sheet1!$B$1:$D$41,3,FALSE) -> 2438184 | J88: =VLOOKUP(F88,Sheet1!$B$1:$D$41,3,FALSE) -> 2440073
A89: =A85+1 -> 22 | B89: 2020/21 | C89: League | D89: Group Stage | E89: Upset Zombies | F89: Cramond Centurions | G89: =VLOOKUP(E89,Sheet1!$B$1:$D$41,2,FALSE) -> Keith | H89: =VLOOKUP(F89,Sheet1!$B$1:$D$41,2,FALSE) -> Andy | I89: =VLOOKUP(E89,Sheet1!$B$1:$D$41,3,FALSE) -> 2445169 | J89: =VLOOKUP(F89,Sheet1!$B$1:$D$41,3,FALSE) -> 882240
A90: 22 | B90: 2020/21 | C90: Cup | D90: Quarter Final | E90: Boly-Wood (and co) | F90: HTAFC | G90: =VLOOKUP(E90,Sheet1!$B$1:$D$41,2,FALSE) -> Walid | H90: =VLOOKUP(F90,Sheet1!$B$1:$D$41,2,FALSE) -> Simon | I90: =VLOOKUP(E90,Sheet1!$B$1:$D$41,3,FALSE) -> 2752114 | J90: =VLOOKUP(F90,Sheet1!$B$1:$D$41,3,FALSE) -> 2438184
A91: 22 | B91: 2020/21 | C91: Cup | D91: Quarter Final | E91: HTAFC | F91: Boly-Wood (and co) | G91: =VLOOKUP(E91,Sheet1!$B$1:$D$41,2,FALSE) -> Simon | H91: =VLOOKUP(F91,Sheet1!$B$1:$D$41,2,FALSE) -> Walid | I91: =VLOOKUP(E91,Sheet1!$B$1:$D$41,3,FALSE) -> 2438184 | J91: =VLOOKUP(F91,Sheet1!$B$1:$D$41,3,FALSE) -> 2752114
A92: 22 | B92: 2020/21 | C92: Cup | D92: Quarter Final | E92: MD Twente Twente 1 | F92: We, The Purple | G92: =VLOOKUP(E92,Sheet1!$B$1:$D$41,2,FALSE) -> Gordon | H92: =VLOOKUP(F92,Sheet1!$B$1:$D$41,2,FALSE) -> James | I92: =VLOOKUP(E92,Sheet1!$B$1:$D$41,3,FALSE) -> 2441126 | J92: =VLOOKUP(F92,Sheet1!$B$1:$D$41,3,FALSE) -> 2439477
A93: 22 | B93: 2020/21 | C93: Cup | D93: Quarter Final | E93: We, The Purple | F93: MD Twente Twente 1 | G93: =VLOOKUP(E93,Sheet1!$B$1:$D$41,2,FALSE) -> James | H93: =VLOOKUP(F93,Sheet1!$B$1:$D$41,2,FALSE) -> Gordon | I93: =VLOOKUP(E93,Sheet1!$B$1:$D$41,3,FALSE) -> 2439477 | J93: =VLOOKUP(F93,Sheet1!$B$1:$D$41,3,FALSE) -> 2441126
A94: =A90+1 -> 23 | B94: 2020/21 | C94: League | D94: Group Stage | E94: MD Twente Twente 1 | F94: Cramond Centurions | G94: =VLOOKUP(E94,Sheet1!$B$1:$D$41,2,FALSE) -> Gordon | H94: =VLOOKUP(F94,Sheet1!$B$1:$D$41,2,FALSE) -> Andy | I94: =VLOOKUP(E94,Sheet1!$B$1:$D$41,3,FALSE) -> 2441126 | J94: =VLOOKUP(F94,Sheet1!$B$1:$D$41,3,FALSE) -> 882240
A95: =A91+1 -> 23 | B95: 2020/21 | C95: League | D95: Group Stage | E95: HTAFC | F95: Upset Zombies | G95: =VLOOKUP(E95,Sheet1!$B$1:$D$41,2,FALSE) -> Simon | H95: =VLOOKUP(F95,Sheet1!$B$1:$D$41,2,FALSE) -> Keith | I95: =VLOOKUP(E95,Sheet1!$B$1:$D$41,3,FALSE) -> 2438184 | J95: =VLOOKUP(F95,Sheet1!$B$1:$D$41,3,FALSE) -> 2445169
A96: =A92+1 -> 23 | B96: 2020/21 | C96: League | D96: Group Stage | E96: Mitchell's Magicians | F96: We, The Purple | G96: =VLOOKUP(E96,Sheet1!$B$1:$D$41,2,FALSE) -> Gavin | H96: =VLOOKUP(F96,Sheet1!$B$1:$D$41,2,FALSE) -> James | I96: =VLOOKUP(E96,Sheet1!$B$1:$D$41,3,FALSE) -> 2438353 | J96: =VLOOKUP(F96,Sheet1!$B$1:$D$41,3,FALSE) -> 2439477
A97: =A93+1 -> 23 | B97: 2020/21 | C97: League | D97: Group Stage | E97: Boly-Wood (and co) | F97: Sammy, You Old Slag | G97: =VLOOKUP(E97,Sheet1!$B$1:$D$41,2,FALSE) -> Walid | H97: =VLOOKUP(F97,Sheet1!$B$1:$D$41,2,FALSE) -> Steven | I97: =VLOOKUP(E97,Sheet1!$B$1:$D$41,3,FALSE) -> 2752114 | J97: =VLOOKUP(F97,Sheet1!$B$1:$D$41,3,FALSE) -> 2440073
A98: 23 | B98: 2020/21 | C98: Cup | D98: Semi Final | E98: Upset Zombies | F98: Sammy, You Old Slag | G98: =VLOOKUP(E98,Sheet1!$B$1:$D$41,2,FALSE) -> Keith | H98: =VLOOKUP(F98,Sheet1!$B$1:$D$41,2,FALSE) -> Steven | I98: =VLOOKUP(E98,Sheet1!$B$1:$D$41,3,FALSE) -> 2445169 | J98: =VLOOKUP(F98,Sheet1!$B$1:$D$41,3,FALSE) -> 2440073
A99: 23 | B99: 2020/21 | C99: Cup | D99: Semi Final | E99: Sammy, You Old Slag | F99: Upset Zombies | G99: =VLOOKUP(E99,Sheet1!$B$1:$D$41,2,FALSE) -> Steven | H99: =VLOOKUP(F99,Sheet1!$B$1:$D$41,2,FALSE) -> Keith | I99: =VLOOKUP(E99,Sheet1!$B$1:$D$41,3,FALSE) -> 2440073 | J99: =VLOOKUP(F99,Sheet1!$B$1:$D$41,3,FALSE) -> 2445169
A100: =A96+1 -> 24 | B100: 2020/21 | C100: League | D100: Group Stage | E100: Cramond Centurions | F100: Boly-Wood (and co) | G100: =VLOOKUP(E100,Sheet1!$B$1:$D$41,2,FALSE) -> Andy | H100: =VLOOKUP(F100,Sheet1!$B$1:$D$41,2,FALSE) -> Walid | I100: =VLOOKUP(E100,Sheet1!$B$1:$D$41,3,FALSE) -> 882240 | J100: =VLOOKUP(F100,Sheet1!$B$1:$D$41,3,FALSE) -> 2752114
A101: =A97+1 -> 24 | B101: 2020/21 | C101: League | D101: Group Stage | E101: Sammy, You Old Slag | F101: Mitchell's Magicians | G101: =VLOOKUP(E101,Sheet1!$B$1:$D$41,2,FALSE) -> Steven | H101: =VLOOKUP(F101,Sheet1!$B$1:$D$41,2,FALSE) -> Gavin | I101: =VLOOKUP(E101,Sheet1!$B$1:$D$41,3,FALSE) -> 2440073 | J101: =VLOOKUP(F101,Sheet1!$B$1:$D$41,3,FALSE) -> 2438353
A102: =A98+1 -> 24 | B102: 2020/21 | C102: League | D102: Group Stage | E102: We, The Purple | F102: HTAFC | G102: =VLOOKUP(E102,Sheet1!$B$1:$D$41,2,FALSE) -> James | H102: =VLOOKUP(F102,Sheet1!$B$1:$D$41,2,FALSE) -> Simon | I102: =VLOOKUP(E102,Sheet1!$B$1:$D$41,3,FALSE) -> 2439477 | J102: =VLOOKUP(F102,Sheet1!$B$1:$D$41,3,FALSE) -> 2438184
A103: =A99+1 -> 24 | B103: 2020/21 | C103: League | D103: Group Stage | E103: Upset Zombies | F103: MD Twente Twente 1 | G103: =VLOOKUP(E103,Sheet1!$B$1:$D$41,2,FALSE) -> Keith | H103: =VLOOKUP(F103,Sheet1!$B$1:$D$41,2,FALSE) -> Gordon | I103: =VLOOKUP(E103,Sheet1!$B$1:$D$41,3,FALSE) -> 2445169 | J103: =VLOOKUP(F103,Sheet1!$B$1:$D$41,3,FALSE) -> 2441126
A104: 24 | B104: 2020/21 | C104: Cup | D104: Semi Final | E104: Boly-Wood (and co) | F104: MD Twente Twente 1 | G104: =VLOOKUP(E104,Sheet1!$B$1:$D$41,2,FALSE) -> Walid | H104: =VLOOKUP(F104,Sheet1!$B$1:$D$41,2,FALSE) -> Gordon | I104: =VLOOKUP(E104,Sheet1!$B$1:$D$41,3,FALSE) -> 2752114 | J104: =VLOOKUP(F104,Sheet1!$B$1:$D$41,3,FALSE) -> 2441126
A105: 24 | B105: 2020/21 | C105: Cup | D105: Semi Final | E105: MD Twente Twente 1 | F105: Boly-Wood (and co) | G105: =VLOOKUP(E105,Sheet1!$B$1:$D$41,2,FALSE) -> Gordon | H105: =VLOOKUP(F105,Sheet1!$B$1:$D$41,2,FALSE) -> Walid | I105: =VLOOKUP(E105,Sheet1!$B$1:$D$41,3,FALSE) -> 2441126 | J105: =VLOOKUP(F105,Sheet1!$B$1:$D$41,3,FALSE) -> 2752114
A106: =A102+1 -> 25 | B106: 2020/21 | C106: League | D106: Group Stage | E106: Mitchell's Magicians | F106: MD Twente Twente 1 | G106: =VLOOKUP(E106,Sheet1!$B$1:$D$41,2,FALSE) -> Gavin | H106: =VLOOKUP(F106,Sheet1!$B$1:$D$41,2,FALSE) -> Gordon | I106: =VLOOKUP(E106,Sheet1!$B$1:$D$41,3,FALSE) -> 2438353 | J106: =VLOOKUP(F106,Sheet1!$B$1:$D$41,3,FALSE) -> 2441126
A107: =A103+1 -> 25 | B107: 2020/21 | C107: League | D107: Group Stage | E107: Sammy, You Old Slag | F107: We, The Purple | G107: =VLOOKUP(E107,Sheet1!$B$1:$D$41,2,FALSE) -> Steven | H107: =VLOOKUP(F107,Sheet1!$B$1:$D$41,2,FALSE) -> James | I107: =VLOOKUP(E107,Sheet1!$B$1:$D$41,3,FALSE) -> 2440073 | J107: =VLOOKUP(F107,Sheet1!$B$1:$D$41,3,FALSE) -> 2439477
A108: =A104+1 -> 25 | B108: 2020/21 | C108: League | D108: Group Stage | E108: HTAFC | F108: Cramond Centurions | G108: =VLOOKUP(E108,Sheet1!$B$1:$D$41,2,FALSE) -> Simon | H108: =VLOOKUP(F108,Sheet1!$B$1:$D$41,2,FALSE) -> Andy | I108: =VLOOKUP(E108,Sheet1!$B$1:$D$41,3,FALSE) -> 2438184 | J108: =VLOOKUP(F108,Sheet1!$B$1:$D$41,3,FALSE) -> 882240
A109: =A105+1 -> 25 | B109: 2020/21 | C109: League | D109: Group Stage | E109: Boly-Wood (and co) | F109: Upset Zombies | G109: =VLOOKUP(E109,Sheet1!$B$1:$D$41,2,FALSE) -> Walid | H109: =VLOOKUP(F109,Sheet1!$B$1:$D$41,2,FALSE) -> Keith | I109: =VLOOKUP(E109,Sheet1!$B$1:$D$41,3,FALSE) -> 2752114 | J109: =VLOOKUP(F109,Sheet1!$B$1:$D$41,3,FALSE) -> 2445169
A110: 25 | B110: 2020/21 | C110: Cup | D110: Final | E110: Boly-Wood (and co) | F110: Upset Zombies | G110: =VLOOKUP(E110,Sheet1!$B$1:$D$41,2,FALSE) -> Walid | H110: =VLOOKUP(F110,Sheet1!$B$1:$D$41,2,FALSE) -> Keith | I110: =VLOOKUP(E110,Sheet1!$B$1:$D$41,3,FALSE) -> 2752114 | J110: =VLOOKUP(F110,Sheet1!$B$1:$D$41,3,FALSE) -> 2445169
A111: 25 | B111: 2020/21 | C111: Cup | D111: Final | E111: Upset Zombies | F111: Boly-Wood (and co) | G111: =VLOOKUP(E111,Sheet1!$B$1:$D$41,2,FALSE) -> Keith | H111: =VLOOKUP(F111,Sheet1!$B$1:$D$41,2,FALSE) -> Walid | I111: =VLOOKUP(E111,Sheet1!$B$1:$D$41,3,FALSE) -> 2445169 | J111: =VLOOKUP(F111,Sheet1!$B$1:$D$41,3,FALSE) -> 2752114
A112: =A108+1 -> 26 | B112: 2020/21 | C112: League | D112: Group Stage | E112: Upset Zombies | F112: Mitchell's Magicians | G112: =VLOOKUP(E112,Sheet1!$B$1:$D$41,2,FALSE) -> Keith | H112: =VLOOKUP(F112,Sheet1!$B$1:$D$41,2,FALSE) -> Gavin | I112: =VLOOKUP(E112,Sheet1!$B$1:$D$41,3,FALSE) -> 2445169 | J112: =VLOOKUP(F112,Sheet1!$B$1:$D$41,3,FALSE) -> 2438353
A113: =A109+1 -> 26 | B113: 2020/21 | C113: League | D113: Group Stage | E113: Cramond Centurions | F113: Sammy, You Old Slag | G113: =VLOOKUP(E113,Sheet1!$B$1:$D$41,2,FALSE) -> Andy | H113: =VLOOKUP(F113,Sheet1!$B$1:$D$41,2,FALSE) -> Steven | I113: =VLOOKUP(E113,Sheet1!$B$1:$D$41,3,FALSE) -> 882240 | J113: =VLOOKUP(F113,Sheet1!$B$1:$D$41,3,FALSE) -> 2440073
A114: =A110+1 -> 26 | B114: 2020/21 | C114: League | D114: Group Stage | E114: MD Twente Twente 1 | F114: HTAFC | G114: =VLOOKUP(E114,Sheet1!$B$1:$D$41,2,FALSE) -> Gordon | H114: =VLOOKUP(F114,Sheet1!$B$1:$D$41,2,FALSE) -> Simon | I114: =VLOOKUP(E114,Sheet1!$B$1:$D$41,3,FALSE) -> 2441126 | J114: =VLOOKUP(F114,Sheet1!$B$1:$D$41,3,FALSE) -> 2438184
A115: =A111+1 -> 26 | B115: 2020/21 | C115: League | D115: Group Stage | E115: Boly-Wood (and co) | F115: We, The Purple | G115: =VLOOKUP(E115,Sheet1!$B$1:$D$41,2,FALSE) -> Walid | H115: =VLOOKUP(F115,Sheet1!$B$1:$D$41,2,FALSE) -> James | I115: =VLOOKUP(E115,Sheet1!$B$1:$D$41,3,FALSE) -> 2752114 | J115: =VLOOKUP(F115,Sheet1!$B$1:$D$41,3,FALSE) -> 2439477
A116: =A112+1 -> 27 | B116: 2020/21 | C116: League | D116: Group Stage | E116: Mitchell's Magicians | F116: Cramond Centurions | G116: =VLOOKUP(E116,Sheet1!$B$1:$D$41,2,FALSE) -> Gavin | H116: =VLOOKUP(F116,Sheet1!$B$1:$D$41,2,FALSE) -> Andy | I116: =VLOOKUP(E116,Sheet1!$B$1:$D$41,3,FALSE) -> 2438353 | J116: =VLOOKUP(F116,Sheet1!$B$1:$D$41,3,FALSE) -> 882240
A117: =A113+1 -> 27 | B117: 2020/21 | C117: League | D117: Group Stage | E117: We, The Purple | F117: Upset Zombies | G117: =VLOOKUP(E117,Sheet1!$B$1:$D$41,2,FALSE) -> James | H117: =VLOOKUP(F117,Sheet1!$B$1:$D$41,2,FALSE) -> Keith | I117: =VLOOKUP(E117,Sheet1!$B$1:$D$41,3,FALSE) -> 2439477 | J117: =VLOOKUP(F117,Sheet1!$B$1:$D$41,3,FALSE) -> 2445169
A118: =A114+1 -> 27 | B118: 2020/21 | C118: League | D118: Group Stage | E118: Sammy, You Old Slag | F118: MD Twente Twente 1 | G118: =VLOOKUP(E118,Sheet1!$B$1:$D$41,2,FALSE) -> Steven | H118: =VLOOKUP(F118,Sheet1!$B$1:$D$41,2,FALSE) -> Gordon | I118: =VLOOKUP(E118,Sheet1!$B$1:$D$41,3,FALSE) -> 2440073 | J118: =VLOOKUP(F118,Sheet1!$B$1:$D$41,3,FALSE) -> 2441126
A119: =A115+1 -> 27 | B119: 2020/21 | C119: League | D119: Group Stage | E119: Boly-Wood (and co) | F119: HTAFC | G119: =VLOOKUP(E119,Sheet1!$B$1:$D$41,2,FALSE) -> Walid | H119: =VLOOKUP(F119,Sheet1!$B$1:$D$41,2,FALSE) -> Simon | I119: =VLOOKUP(E119,Sheet1!$B$1:$D$41,3,FALSE) -> 2752114 | J119: =VLOOKUP(F119,Sheet1!$B$1:$D$41,3,FALSE) -> 2438184
A120: =A116+1 -> 28 | B120: 2020/21 | C120: League | D120: Group Stage | E120: HTAFC | F120: Mitchell's Magicians | G120: =VLOOKUP(E120,Sheet1!$B$1:$D$41,2,FALSE) -> Simon | H120: =VLOOKUP(F120,Sheet1!$B$1:$D$41,2,FALSE) -> Gavin | I120: =VLOOKUP(E120,Sheet1!$B$1:$D$41,3,FALSE) -> 2438184 | J120: =VLOOKUP(F120,Sheet1!$B$1:$D$41,3,FALSE) -> 2438353
A121: =A117+1 -> 28 | B121: 2020/21 | C121: League | D121: Group Stage | E121: Cramond Centurions | F121: We, The Purple | G121: =VLOOKUP(E121,Sheet1!$B$1:$D$41,2,FALSE) -> Andy | H121: =VLOOKUP(F121,Sheet1!$B$1:$D$41,2,FALSE) -> James | I121: =VLOOKUP(E121,Sheet1!$B$1:$D$41,3,FALSE) -> 882240 | J121: =VLOOKUP(F121,Sheet1!$B$1:$D$41,3,FALSE) -> 2439477
A122: =A118+1 -> 28 | B122: 2020/21 | C122: League | D122: Group Stage | E122: Upset Zombies | F122: Sammy, You Old Slag | G122: =VLOOKUP(E122,Sheet1!$B$1:$D$41,2,FALSE) -> Keith | H122: =VLOOKUP(F122,Sheet1!$B$1:$D$41,2,FALSE) -> Steven | I122: =VLOOKUP(E122,Sheet1!$B$1:$D$41,3,FALSE) -> 2445169 | J122: =VLOOKUP(F122,Sheet1!$B$1:$D$41,3,FALSE) -> 2440073
A123: =A119+1 -> 28 | B123: 2020/21 | C123: League | D123: Group Stage | E123: Boly-Wood (and co) | F123: MD Twente Twente 1 | G123: =VLOOKUP(E123,Sheet1!$B$1:$D$41,2,FALSE) -> Walid | H123: =VLOOKUP(F123,Sheet1!$B$1:$D$41,2,FALSE) -> Gordon | I123: =VLOOKUP(E123,Sheet1!$B$1:$D$41,3,FALSE) -> 2752114 | J123: =VLOOKUP(F123,Sheet1!$B$1:$D$41,3,FALSE) -> 2441126
... A155: =A151+1 -> 36 | B155: 2020/21 | C155: League | D155: Group Stage | E155: Upset Zombies | F155: Cramond Centurions | G155: =VLOOKUP(E155,Sheet1!$B$1:$D$41,2,FALSE) -> Keith | H155: =VLOOKUP(F155,Sheet1!$B$1:$D$41,2,FALSE) -> Andy | I155: =VLOOKUP(E155,Sheet1!$B$1:$D$41,3,FALSE) -> 2445169 | J155: =VLOOKUP(F155,Sheet1!$B$1:$D$41,3,FALSE) -> 882240
A156: =A152+1 -> 37 | B156: 2020/21 | C156: League | D156: Quarter Final
A157: =A153+1 -> 37 | B157: 2020/21 | C157: League | D157: Quarter Final
A158: =A154+1 -> 37 | B158: 2020/21 | C158: League | D158: Quarter Final
A159: =A155+1 -> 37 | B159: 2020/21 | C159: League | D159: Quarter Final
A160: =A156+1 -> 38 | B160: 2020/21 | C160: League | D160: Champions Semi Final
A161: =A157+1 -> 38 | B161: 2020/21 | C161: League | D161: Photobowl Semi Final
A162: =A158+1 -> 38 | B162: 2020/21 | C162: League | D162: Champions Semi Final
A163: =A159+1 -> 38 | B163: 2020/21 | C163: League | D163: Champions Final
A164: =A160+1 -> 39 | B164: 2020/21 | C164: League | D164: Champions 3/4 Playoff
A165: =A161+1 -> 39 | B165: 2020/21 | C165: League | D165: Photobowl Final
A166: =A162+1 -> 39 | B166: 2020/21 | C166: League | D166: Photobowl Semi Final
A167: =A163+1 -> 39 | B167: 2020/21 | C167: League | D167: Photobowl 5/6 Playoff
A168: 1 | B168: 2021/22 | C168: League | D168: Group Stage | E168: Mitchell's Macho Men | F168: Sweaty Raphael | G168: =VLOOKUP(E168,Sheet1!$B$1:$D$41,2,FALSE) -> Gavin | H168: =VLOOKUP(F168,Sheet1!$B$1:$D$41,2,FALSE) -> James | I168: =VLOOKUP(E168,Sheet1!$B$1:$D$41,3,FALSE) -> 3801379 | J168: =VLOOKUP(F168,Sheet1!$B$1:$D$41,3,FALSE) -> 16280
A169: 1 | B169: 2021/22 | C169: League | D169: Group Stage | E169: Doctor Nowt | F169: Brexit house party | G169: =VLOOKUP(E169,Sheet1!$B$1:$D$41,2,FALSE) -> Steven | H169: =VLOOKUP(F169,Sheet1!$B$1:$D$41,2,FALSE) -> Simon | I169: =VLOOKUP(E169,Sheet1!$B$1:$D$41,3,FALSE) -> 3824633 | J169: =VLOOKUP(F169,Sheet1!$B$1:$D$41,3,FALSE) -> 3802409
A170: 1 | B170: 2021/22 | C170: League | D170: Group Stage | E170: Gordys Gophers | F170: YESSIRICANBONUCCI | G170: =VLOOKUP(E170,Sheet1!$B$1:$D$41,2,FALSE) -> Gordon | H170: =VLOOKUP(F170,Sheet1!$B$1:$D$41,2,FALSE) -> Keith | I170: =VLOOKUP(E170,Sheet1!$B$1:$D$41,3,FALSE) -> 2347381 | J170: =VLOOKUP(F170,Sheet1!$B$1:$D$41,3,FALSE) -> 3803304
A171: 1 | B171: 2021/22 | C171: League | D171: Group Stage | E171: W | F171: Sink the Bismarck! | G171: =VLOOKUP(E171,Sheet1!$B$1:$D$41,2,FALSE) -> Walid | H171: =VLOOKUP(F171,Sheet1!$B$1:$D$41,2,FALSE) -> Andy | I171: =VLOOKUP(E171,Sheet1!$B$1:$D$41,3,FALSE) -> 3823441 | J171: =VLOOKUP(F171,Sheet1!$B$1:$D$41,3,FALSE) -> 36150
A172: =A168+1 -> 2 | B172: 2021/22 | C172: League | D172: Group Stage | E172: Sweaty Raphael | F172: W | G172: =VLOOKUP(E172,Sheet1!$B$1:$D$41,2,FALSE) -> James | H172: =VLOOKUP(F172,Sheet1!$B$1:$D$41,2,FALSE) -> Walid | I172: =VLOOKUP(E172,Sheet1!$B$1:$D$41,3,FALSE) -> 16280 | J172: =VLOOKUP(F172,Sheet1!$B$1:$D$41,3,FALSE) -> 3823441
A173: =A169+1 -> 2 | B173: 2021/22 | C173: League | D173: Group Stage | E173: Sink the Bismarck! | F173: Gordys Gophers | G173: =VLOOKUP(E173,Sheet1!$B$1:$D$41,2,FALSE) -> Andy | H173: =VLOOKUP(F173,Sheet1!$B$1:$D$41,2,FALSE) -> Gordon | I173: =VLOOKUP(E173,Sheet1!$B$1:$D$41,3,FALSE) -> 36150 | J173: =VLOOKUP(F173,Sheet1!$B$1:$D$41,3,FALSE) -> 2347381
A174: =A170+1 -> 2 | B174: 2021/22 | C174: League | D174: Group Stage | E174: YESSIRICANBONUCCI | F174: Doctor Nowt | G174: =VLOOKUP(E174,Sheet1!$B$1:$D$41,2,FALSE) -> Keith | H174: =VLOOKUP(F174,Sheet1!$B$1:$D$41,2,FALSE) -> Steven | I174: =VLOOKUP(E174,Sheet1!$B$1:$D$41,3,FALSE) -> 3803304 | J174: =VLOOKUP(F174,Sheet1!$B$1:$D$41,3,FALSE) -> 3824633
A175: =A171+1 -> 2 | B175: 2021/22 | C175: League | D175: Group Stage | E175: Brexit house party | F175: Mitchell's Macho Men | G175: =VLOOKUP(E175,Sheet1!$B$1:$D$41,2,FALSE) -> Simon | H175: =VLOOKUP(F175,Sheet1!$B$1:$D$41,2,FALSE) -> Gavin | I175: =VLOOKUP(E175,Sheet1!$B$1:$D$41,3,FALSE) -> 3802409 | J175: =VLOOKUP(F175,Sheet1!$B$1:$D$41,3,FALSE) -> 3801379
A176: =A172+1 -> 3 | B176: 2021/22 | C176: League | D176: Group Stage | E176: Doctor Nowt | F176: Sweaty Raphael | G176: =VLOOKUP(E176,Sheet1!$B$1:$D$41,2,FALSE) -> Steven | H176: =VLOOKUP(F176,Sheet1!$B$1:$D$41,2,FALSE) -> James | I176: =VLOOKUP(E176,Sheet1!$B$1:$D$41,3,FALSE) -> 3824633 | J176: =VLOOKUP(F176,Sheet1!$B$1:$D$41,3,FALSE) -> 16280
A177: =A173+1 -> 3 | B177: 2021/22 | C177: League | D177: Group Stage | E177: Gordys Gophers | F177: Mitchell's Macho Men | G177: =VLOOKUP(E177,Sheet1!$B$1:$D$41,2,FALSE) -> Gordon | H177: =VLOOKUP(F177,Sheet1!$B$1:$D$41,2,FALSE) -> Gavin | I177: =VLOOKUP(E177,Sheet1!$B$1:$D$41,3,FALSE) -> 2347381 | J177: =VLOOKUP(F177,Sheet1!$B$1:$D$41,3,FALSE) -> 3801379
A178: =A174+1 -> 3 | B178: 2021/22 | C178: League | D178: Group Stage | E178: W | F178: Brexit house party | G178: =VLOOKUP(E178,Sheet1!$B$1:$D$41,2,FALSE) -> Walid | H178: =VLOOKUP(F178,Sheet1!$B$1:$D$41,2,FALSE) -> Simon | I178: =VLOOKUP(E178,Sheet1!$B$1:$D$41,3,FALSE) -> 3823441 | J178: =VLOOKUP(F178,Sheet1!$B$1:$D$41,3,FALSE) -> 3802409
A179: =A175+1 -> 3 | B179: 2021/22 | C179: League | D179: Group Stage | E179: Sink the Bismarck! | F179: YESSIRICANBONUCCI | G179: =VLOOKUP(E179,Sheet1!$B$1:$D$41,2,FALSE) -> Andy | H179: =VLOOKUP(F179,Sheet1!$B$1:$D$41,2,FALSE) -> Keith | I179: =VLOOKUP(E179,Sheet1!$B$1:$D$41,3,FALSE) -> 36150 | J179: =VLOOKUP(F179,Sheet1!$B$1:$D$41,3,FALSE) -> 3803304
A180: =A176+1 -> 4 | B180: 2021/22 | C180: League | D180: Group Stage | E180: Sweaty Raphael | F180: Sink the Bismarck! | G180: =VLOOKUP(E180,Sheet1!$B$1:$D$41,2,FALSE) -> James | H180: =VLOOKUP(F180,Sheet1!$B$1:$D$41,2,FALSE) -> Andy | I180: =VLOOKUP(E180,Sheet1!$B$1:$D$41,3,FALSE) -> 16280 | J180: =VLOOKUP(F180,Sheet1!$B$1:$D$41,3,FALSE) -> 36150
A181: =A177+1 -> 4 | B181: 2021/22 | C181: League | D181: Group Stage | E181: YESSIRICANBONUCCI | F181: W | G181: =VLOOKUP(E181,Sheet1!$B$1:$D$41,2,FALSE) -> Keith | H181: =VLOOKUP(F181,Sheet1!$B$1:$D$41,2,FALSE) -> Walid | I181: =VLOOKUP(E181,Sheet1!$B$1:$D$41,3,FALSE) -> 3803304 | J181: =VLOOKUP(F181,Sheet1!$B$1:$D$41,3,FALSE) -> 3823441
A182: =A178+1 -> 4 | B182: 2021/22 | C182: League | D182: Group Stage | E182: Brexit house party | F182: Gordys Gophers | G182: =VLOOKUP(E182,Sheet1!$B$1:$D$41,2,FALSE) -> Simon | H182: =VLOOKUP(F182,Sheet1!$B$1:$D$41,2,FALSE) -> Gordon | I182: =VLOOKUP(E182,Sheet1!$B$1:$D$41,3,FALSE) -> 3802409 | J182: =VLOOKUP(F182,Sheet1!$B$1:$D$41,3,FALSE) -> 2347381
A183: =A179+1 -> 4 | B183: 2021/22 | C183: League | D183: Group Stage | E183: Mitchell's Macho Men | F183: Doctor Nowt | G183: =VLOOKUP(E183,Sheet1!$B$1:$D$41,2,FALSE) -> Gavin | H183: =VLOOKUP(F183,Sheet1!$B$1:$D$41,2,FALSE) -> Steven | I183: =VLOOKUP(E183,Sheet1!$B$1:$D$41,3,FALSE) -> 3801379 | J183: =VLOOKUP(F183,Sheet1!$B$1:$D$41,3,FALSE) -> 3824633
... A247: =A243+1 -> 20 | B247: 2021/22 | C247: League | D247: Group Stage | E247: Doctor Nowt | F247: Gordys Gophers | G247: =VLOOKUP(E247,Sheet1!$B$1:$D$41,2,FALSE) -> Steven | H247: =VLOOKUP(F247,Sheet1!$B$1:$D$41,2,FALSE) -> Gordon | I247: =VLOOKUP(E247,Sheet1!$B$1:$D$41,3,FALSE) -> 3824633 | J247: =VLOOKUP(F247,Sheet1!$B$1:$D$41,3,FALSE) -> 2347381
A248: 21 | B248: 2021/22 | C248: Cup | D248: Quarter Final
A249: 21 | B249: 2021/22 | C249: Cup | D249: Quarter Final
A250: 21 | B250: 2021/22 | C250: Cup | D250: Quarter Final
A251: 21 | B251: 2021/22 | C251: Cup | D251: Quarter Final
A252: =A248+1 -> 22 | B252: 2021/22 | C252: League | D252: Group Stage | E252: Brexit house party | F252: Sweaty Raphael | G252: =VLOOKUP(E252,Sheet1!$B$1:$D$41,2,FALSE) -> Simon | H252: =VLOOKUP(F252,Sheet1!$B$1:$D$41,2,FALSE) -> James | I252: =VLOOKUP(E252,Sheet1!$B$1:$D$41,3,FALSE) -> 3802409 | J252: =VLOOKUP(F252,Sheet1!$B$1:$D$41,3,FALSE) -> 16280
A253: =A249+1 -> 22 | B253: 2021/22 | C253: League | D253: Group Stage | E253: Mitchell's Macho Men | F253: YESSIRICANBONUCCI | G253: =VLOOKUP(E253,Sheet1!$B$1:$D$41,2,FALSE) -> Gavin | H253: =VLOOKUP(F253,Sheet1!$B$1:$D$41,2,FALSE) -> Keith | I253: =VLOOKUP(E253,Sheet1!$B$1:$D$41,3,FALSE) -> 3801379 | J253: =VLOOKUP(F253,Sheet1!$B$1:$D$41,3,FALSE) -> 3803304
A254: =A250+1 -> 22 | B254: 2021/22 | C254: League | D254: Group Stage | E254: Doctor Nowt | F254: Sink the Bismarck! | G254: =VLOOKUP(E254,Sheet1!$B$1:$D$41,2,FALSE) -> Steven | H254: =VLOOKUP(F254,Sheet1!$B$1:$D$41,2,FALSE) -> Andy | I254: =VLOOKUP(E254,Sheet1!$B$1:$D$41,3,FALSE) -> 3824633 | J254: =VLOOKUP(F254,Sheet1!$B$1:$D$41,3,FALSE) -> 36150
A255: =A251+1 -> 22 | B255: 2021/22 | C255: League | D255: Group Stage | E255: Gordys Gophers | F255: W | G255: =VLOOKUP(E255,Sheet1!$B$1:$D$41,2,FALSE) -> Gordon | H255: =VLOOKUP(F255,Sheet1!$B$1:$D$41,2,FALSE) -> Walid | I255: =VLOOKUP(E255,Sheet1!$B$1:$D$41,3,FALSE) -> 2347381 | J255: =VLOOKUP(F255,Sheet1!$B$1:$D$41,3,FALSE) -> 3823441
A256: 22 | B256: 2021/22 | C256: Cup | D256: Quarter Final
A257: 22 | B257: 2021/22 | C257: Cup | D257: Quarter Final
...

Sheet Sheet1
A1: season | B1: team | C1: name | D1: id
A2: Season 2020/21 | B2: Cramond Centurions | C2: Andy | D2: 882240
A3: Season 2020/21 | B3: Mitchell's Magicians | C3: Gavin | D3: 2438353
A4: Season 2020/21 | B4: MD Twente Twente 1 | C4: Gordon | D4: 2441126
A5: Season 2020/21 | B5: We, The Purple | C5: James | D5: 2439477
A6: Season 2020/21 | B6: Upset Zombies | C6: Keith | D6: 2445169
A7: Season 2020/21 | B7: HTAFC | C7: Simon | D7: 2438184
A8: Season 2020/21 | B8: Sammy, You Old Slag | C8: Steven | D8: 2440073
A9: Season 2020/21 | B9: Boly-Wood (and co) | C9: Walid | D9: 2752114
A10: Season 2021/22 | B10: Sink the Bismarck! | C10: Andy | D10: 36150
A11: Season 2021/22 | B11: Mitchell's Macho Men | C11: Gavin | D11: 3801379
A12: Season 2021/22 | B12: Gordys Gophers | C12: Gordon | D12: 2347381
A13: Season 2021/22 | B13: Sweaty Raphael | C13: James | D13: 16280
... A33: Season 2023/24 | B33: It's Haal Over | C33: Walid | D33: 2955408
A34: Season 2024/25 | C34: Andy | D34: 96097
A35: Season 2024/25 | C35: Gavin | D35: 6186573
A36: Season 2024/25 | C36: Gordon | D36: 10946
A37: Season 2024/25 | C37: James | D37: 109884
A38: Season 2024/25 | C38: Keith | D38: 6188948
A39: Season 2024/25 | C39: Simon | D39: 1114016
A40: Season 2024/25 | C40: Steven | D40: 1077612
A41: Season 2024/25 | C41: Walid | D41: 1123161
